Date, Real Date, Net Count, Capture, Aggressive Capture
Fold 1
06/29/12, ,-37.0, -0.010856018490898848, 0.07027166155327366
04/24/12, ,-20.0, 0.12268631985153111, 0.17859944829611826
04/17/12, ,-19.0, -0.12697261819149247, -0.08341493989462552
04/18/12, ,-18.0, 0.09989833054156586, 0.14749967444394224
03/16/12, ,-2.0, -0.004160597723512597, -0.004378542008860989
07/26/12, ,-44.0, -0.11715227755360971, -0.03801136331998152
03/22/13, ,-131.0, -0.629104782568724, -0.277661821457793
03/18/13, ,-128.0, -0.6199524106035137, -0.2853695226106865
08/15/12, ,-48.0, -0.22580389248241103, 0.029106343976613172
03/15/12, ,-1.0, -0.004160597723512597, -0.004378542008860989
10/02/12, ,-66.0, -0.27749723356952627, 0.006313109834272485
04/20/12, ,-18.0, 0.12759932757056833, 0.18197719359079542
02/13/13, ,-100.0, -0.20408945625853245, 0.10236163304331501
12/12/12, ,-85.0, -0.22957468746608395, 0.0854653293542012
07/12/12, ,-36.0, 0.02193965303219705, 0.10419225292393748
08/31/12, ,-51.0, -0.26841526046967856, -0.03930943377878934
10/23/12, ,-73.0, -0.31283287268857946, -0.03862217060011567
07/25/12, ,-42.0, -0.10548897504026167, -0.026348060806633475
05/17/12, ,-24.0, 0.12384523910636834, 0.18005834693923164
09/26/12, ,-64.0, -0.257191252114949, -0.02854486029833906
11/21/12, ,-84.0, -0.3006588374201407, -0.02457423589189393
08/01/12, ,-45.0, -0.22596547901585778, 0.018329130737522417
04/23/12, ,-19.0, 0.13507022078032369, 0.1909833967888088
01/07/13, ,-94.0, -0.22824396136109473, 0.08866754356481464
06/15/12, ,-36.0, 0.04077127619932511, 0.13655418598973307
07/17/12, ,-37.0, 0.034511761357691254, 0.11676436125469969
02/08/13, ,-99.0, -0.2317997606509075, 0.08517745812130514
11/27/12, ,-82.0, -0.291040732752531, -0.014855836619632025
03/12/13, ,-122.0, -0.2576163981593007, 0.05290355712435738
02/14/13, ,-101.0, -0.20665598334214716, 0.09979504626966228
08/13/12, ,-47.0, -0.20510616311032445, 0.049853837587082915
04/12/12, ,-15.0, -0.06488976189795506, -0.021575463239002397
08/24/12, ,-47.0, -0.25901855311179334, -0.029861294660476347
05/30/12, ,-35.0, -0.09008938526879189, 0.0029355791198096212
06/07/12, ,-37.0, -0.07941338558074232, 0.016597331937331206
08/22/12, ,-48.0, -0.2623188831447966, -0.03316162469347964
05/18/12, ,-25.0, 0.11300049024792078, 0.16921267759616723
02/28/13, ,-110.0, -0.20017611744371994, 0.10469149732883302
03/26/12, ,-3.0, -0.023731027857084912, -0.02398924886727382
03/14/13, ,-123.0, -0.6420575415572408, -0.3241296662782811
10/08/12, ,-66.0, -0.2603713224523466, 0.022837899600138326
12/14/12, ,-88.0, -0.21205689083377538, 0.10279782708697088
05/01/12, ,-22.0, 0.12185426306535543, 0.17772985872798708
03/15/13, ,-127.0, -0.6199524106035137, -0.2853695226106865
06/19/12, ,-35.0, 0.06687761176124796, 0.1626605215549661
02/11/13, ,-101.0, -0.24891810929099514, 0.056936399882130916
12/28/12, ,-93.0, -0.21770635292553664, 0.09714650148819393
10/24/12, ,-74.0, -0.31283287268857946, -0.03862217060011567
09/06/12, ,-54.0, -0.27715451649203443, -0.05080713831637958
10/12/12, ,-71.0, -0.26639986677622973, 0.012265095432002642
01/29/13, ,-95.0, -0.21536555934011598, 0.10133543096475
01/28/13, ,-96.0, -0.2236114364015852, 0.09308955390328079
09/24/12, ,-61.0, -0.24030414747258527, -0.011657755654902086
03/20/12, ,-5.0, -0.022746557788814667, -0.023004322885058236
09/04/12, ,-53.0, -0.2750807220163066, -0.0487333438406518
10/17/12, ,-73.0, -0.32138722469518366, -0.04713171116528896
03/05/13, ,-113.0, -0.23983892479047153, 0.06502934978742635
03/21/12, ,-5.0, -0.015733935067917076, -0.01599170009242295
07/11/12, ,-37.0, 0.007914407590401745, 0.09016696364118364
03/23/12, ,-5.0, -0.033322816774445846, -0.033581782961627824
09/27/12, ,-66.0, -0.26926542201576836, -0.040619030199158426
12/24/12, ,-91.0, -0.20357092265517626, 0.11128202924315385
06/21/12, ,-38.0, 0.008685683848010044, 0.10446796820417836
07/20/12, ,-37.0, 0.04192314909545143, 0.1223946538804847
09/19/12, ,-59.0, -0.24499961904647533, -0.023854526651124097
05/29/12, ,-32.0, -0.05055763226908472, 0.042512354036149544
11/09/12, ,-83.0, -0.3346082675798351, -0.058403635978254445
05/09/12, ,-23.0, 0.12237331359015066, 0.17809950677878753
07/06/12, ,-38.0, 4.763910614761363E-4, 0.08160659767492229
05/23/12, ,-32.0, -0.06342118199168081, 0.02964880431300937
12/19/12, ,-90.0, -0.2511373075836147, 0.06371564425566939
01/03/13, ,-95.0, -0.23690417531932204, 0.07794842336299235
08/06/12, ,-44.0, -0.17835001796614938, 0.07660309101870466
05/31/12, ,-34.0, -0.0753003465563082, 0.02075217877803192
03/27/12, ,-4.0, -0.031009636834035972, -0.03126785784784143
04/03/12, ,-11.0, -0.07450757913432242, -0.0753205642100049
10/04/12, ,-68.0, -0.28120467713902303, 0.002605667769607063
03/22/12, ,-5.0, -0.033322816774445846, -0.033581782961627824
12/13/12, ,-87.0, -0.19700188214819356, 0.11823124099535479
11/20/12, ,-82.0, -0.3133691896506954, -0.03728560143071604
03/19/13, ,-129.0, -0.620605152117874, -0.286161451908643
08/07/12, ,-45.0, -0.24150791270299155, 0.013371077181015295
04/02/12, ,-10.0, -0.07450757913432242, -0.0753205642100049
05/11/12, ,-23.0, 0.12391652346669384, 0.1801658377778214
05/15/12, ,-21.0, 0.15235363977329142, 0.2086032322085007
03/26/13, ,-135.0, -0.7654739523226828, -0.41469888901393154
09/12/12, ,-57.0, -0.21381187526856268, 0.007314844925369169
04/30/12, ,-21.0, 0.13773824096590795, 0.19365225854992996
08/14/12, ,-48.0, -0.20510616311032445, 0.049853837587082915
04/26/12, ,-23.0, 0.12268631985153111, 0.17859944829611826
11/29/12, ,-85.0, -0.29908439836586054, -0.022899502232961562
05/03/12, ,-22.0, 0.12173465927359749, 0.17759819723776077
01/01/13, ,-96.0, -0.23961420241959308, 0.07523839496902454
03/21/13, ,-130.0, -0.620605152117874, -0.286161451908643
12/11/12, ,-85.0, -0.32048377837517483, -0.008471517010614148
04/10/12, ,-12.0, -0.032140417532660046, -0.033502423023783034
08/16/12, ,-50.0, -0.2706852010330639, -0.038849826838395905
04/16/12, ,-18.0, -0.11475265892468992, -0.07119498062782298
06/22/12, ,-37.0, 0.01660647592721797, 0.11238876199577595
09/20/12, ,-58.0, -0.237205472506781, -0.016090461442235894
02/06/13, ,-97.0, -0.23038310710140336, 0.08666019441144013
06/01/12, ,-37.0, -0.08610443610427793, 0.009821757186735395
09/25/12, ,-62.0, -0.24718645992957092, -0.01854006811296102
01/08/13, ,-95.0, -0.22824396136109473, 0.08866754356481464
11/30/12, ,-86.0, -0.31740884083848847, -0.005393003944759098
10/11/12, ,-67.0, -0.26437473011276247, 0.014318078964535031
08/03/12, ,-46.0, -0.22246138873919621, 0.020999463595893567
03/14/12, ,0.0, -0.0025093931563850494, -0.0027604440282333297
01/30/13, ,-93.0, -0.2091154278137792, 0.10792613630861007
02/20/13, ,-104.0, -0.22341999647656172, 0.08144714669789381
12/10/12, ,-87.0, -0.33900598290454487, -0.02699372153998446
09/10/12, ,-56.0, -0.20747956003723247, 0.013644609903653165
06/13/12, ,-37.0, -0.04362770078277209, 0.05215520900409648
09/11/12, ,-57.0, -0.21931107920429352, 0.0018130907365920892
01/31/13, ,-96.0, -0.22521609378428958, 0.09182547033763935
11/15/12, ,-81.0, -0.34344634353455594, -0.06741776423201078
12/20/12, ,-91.0, -0.25267996197760867, 0.0621729898616754
07/03/12, ,-39.0, -0.015384631088675688, 0.06574304895549682
11/14/12, ,-83.0, -0.3522199044127557, -0.07622687430307129
12/21/12, ,-90.0, -0.20107300425384408, 0.1137799476447793
07/23/12, ,-40.0, -0.08148897504026165, -0.0023480608066334535
02/01/13, ,-96.0, -0.23216058613593343, 0.08488444770104345
12/05/12, ,-84.0, -0.31469298199174256, -0.002677144112106206
09/07/12, ,-56.0, -0.28775897036266007, -0.06663052620088081
03/19/12, ,-3.0, -0.022746557788814667, -0.023004322885058236
08/09/12, ,-45.0, -0.20510616311032445, 0.049853837587082915
08/08/12, ,-43.0, -0.2028313678418986, 0.05212888623004103
08/21/12, ,-47.0, -0.26233789145933933, -0.030406345271122726
04/13/12, ,-14.0, -0.06007048478952126, -0.01651280649008161
07/27/12, ,-44.0, -0.09668610359113106, -0.01754518935750287
04/06/12, ,-11.0, -0.032140417532660046, -0.033502423023783034
04/05/12, ,-11.0, -0.027341674144640154, -0.028524688252164695
02/12/13, ,-101.0, -0.23486747768067176, 0.07156891617775785
06/12/12, ,-37.0, -0.06009828901806628, 0.0356846207688023
03/13/13, ,-124.0, -0.6740999146428173, -0.3636639347139268
08/29/12, ,-49.0, -0.2631832916587623, -0.034026033207445336
07/31/12, ,-45.0, -0.1572796448704812, -0.07605273589995641
05/10/12, ,-24.0, 0.12237331359015066, 0.17809950677878753
04/25/12, ,-21.0, 0.12268631985153111, 0.17859944829611826
11/02/12, ,-84.0, -0.36834648214518756, -0.09137742108812029
11/07/12, ,-84.0, -0.36487386362677754, -0.08878494148755217
01/04/13, ,-93.0, -0.22824396136109473, 0.08866754356481464
06/25/12, ,-36.0, 0.01236941637453029, 0.10936135090326013
03/06/13, ,-115.0, -0.23317122081621866, 0.07245752380992246
07/13/12, ,-38.0, 0.02193965303219705, 0.10419225292393748
11/06/12, ,-85.0, -0.37158347636484074, -0.09550814001127236
02/26/13, ,-110.0, -0.23801456627425638, 0.06684948450664804
02/21/13, ,-107.0, -0.23801456627425638, 0.06684948450664804
02/07/13, ,-98.0, -0.23038310710140336, 0.08666019441144013
10/26/12, ,-79.0, -0.33701355165395586, -0.05917753249803266
05/02/12, ,-22.0, 0.12340860672206574, 0.17927214468603103
05/08/12, ,-23.0, 0.12173465927359749, 0.17759819723776077
11/28/12, ,-83.0, -0.29908439836586054, -0.022899502232961562
03/30/12, ,-7.0, -0.06053148129684619, -0.060790007460573024
06/04/12, ,-37.0, -0.07122664651873058, 0.024784071021016568
07/19/12, ,-36.0, 0.05019889373987807, 0.13258405558126665
12/06/12, ,-85.0, -0.3152888111873732, -0.0032729733077368145
07/04/12, ,-39.0, -0.00616497516243281, 0.0749634974973578
12/18/12, ,-89.0, -0.21454582888687282, 0.10030888903387344
09/05/12, ,-52.0, -0.27320454940842676, -0.04685717123277191
06/20/12, ,-36.0, 0.06384547106992006, 0.1596277554260884
01/09/13, ,-94.0, -0.22099205296414812, 0.09591945196176126
10/22/12, ,-73.0, -0.32156282346047027, -0.04718100870076253
06/08/12, ,-38.0, -0.0818825213832114, 0.013900388403657173
06/06/12, ,-36.0, -0.05949873408714337, 0.036511983452688794
02/27/13, ,-110.0, -0.22782588702897338, 0.07704172774357956
04/19/12, ,-18.0, 0.11027227505302543, 0.15787361895540183
02/05/13, ,-95.0, -0.22674674346503973, 0.09029665830292946
03/01/13, ,-107.0, -0.1907806791355421, 0.11636496046891609
03/12/12, ,1.0, 0.020633750921149677, 0.020732543301047103
07/30/12, ,-45.0, -0.09668610359113106, -0.01754518935750287
11/16/12, ,-79.0, -0.2982346486329532, -0.02215104372733691
03/08/13, ,-116.0, -0.24173822842699227, 0.06366473801985202
05/24/12, ,-31.0, -0.03130419415513586, 0.061765792150098406
10/18/12, ,-73.0, -0.3272934824862581, -0.053296686481878915
10/09/12, ,-67.0, -0.2603713224523466, 0.022837899600138326
12/27/12, ,-92.0, -0.21298268736105855, 0.10187016722783142
09/21/12, ,-58.0, -0.2316975165704285, -0.010582505505883393
02/25/13, ,-109.0, -0.23801456627425638, 0.06684948450664804
10/03/12, ,-68.0, -0.27749723356952627, 0.006313109834272485
06/27/12, ,-38.0, -0.03495240403306747, 0.04605499839119008
03/13/12, ,2.0, 0.025061396709486726, 0.025163627368194958
11/13/12, ,-83.0, -0.3543865863075208, -0.0783935561978364
04/04/12, ,-9.0, -0.021510770354552684, -0.022693599446012996
09/13/12, ,-57.0, -0.21034091401811852, 0.010804178377232833
10/25/12, ,-77.0, -0.33265625317901043, -0.0635348309729781
05/22/12, ,-26.0, 0.10010122734865783, 0.1563134146969043
08/28/12, ,-48.0, -0.25901855311179334, -0.029861294660476347
05/16/12, ,-22.0, 0.15235363977329142, 0.2086032322085007
04/27/12, ,-22.0, 0.148843565529188, 0.204757529850712
04/11/12, ,-14.0, -0.051917189622195326, -8.466993162039166E-4
03/29/12, ,-6.0, -0.06053148129684619, -0.060790007460573024
Fold 2
06/29/12, ,-9.0, -0.4491843973064407, -0.8795735439916583
04/24/12, ,-7.0, -0.2584461377871432, -0.2608623855359039
04/17/12, ,-6.0, -0.28309814797346683, -0.28474450066178786
04/18/12, ,-8.0, -0.30690767178299067, -0.3095929840930329
07/26/12, ,-18.0, -0.44963917591906283, -0.8013570965271534
03/22/13, ,-75.0, -0.00891927334427768, -0.40230612192446963
03/15/12, ,0.0, 0.022722859456285154, 0.022852818567459823
10/02/12, ,-33.0, -0.3654226344896119, -0.6912820145626318
10/19/12, ,-47.0, -0.4185593930667885, -0.7684960904803345
04/20/12, ,-7.0, -0.2842098477613796, -0.2858793422572272
02/22/13, ,-82.0, -0.6165465883919516, -1.0262228501272406
07/12/12, ,-12.0, -0.4086452673523525, -0.8375858746365387
08/31/12, ,-27.0, -0.4839120371398919, -0.8111808875629858
01/10/13, ,-72.0, -0.48066005887107527, -0.8525859403689565
05/17/12, ,-6.0, -0.03933469472661351, -0.06063138107433584
09/26/12, ,-32.0, -0.37947017053128285, -0.7052676682051559
12/03/12, ,-62.0, -0.3993386288249815, -0.7617118606288173
08/01/12, ,-14.0, -0.42803997468565474, -0.7801860128267923
12/17/12, ,-65.0, -0.3230991860359193, -0.6651051854585804
06/15/12, ,-15.0, -0.497022590709112, -0.9380089978724664
02/19/13, ,-79.0, -0.5174046925924016, -0.9062549079028939
02/08/13, ,-75.0, -0.4648123515110855, -0.8571292060658924
11/27/12, ,-60.0, -0.3606739826088209, -0.7143337127963891
03/12/13, ,-81.0, -0.5532638994189568, -0.9647192136069137
02/14/13, ,-75.0, -0.46663167288918994, -0.8458560135699726
08/13/12, ,-21.0, -0.5222342334107456, -0.8588074128199589
04/12/12, ,-4.0, -0.333702240155591, -0.3353485356328671
08/24/12, ,-23.0, -0.46310370207130985, -0.7881821032272753
05/30/12, ,-11.0, -0.15419716911293624, -0.5948058911938626
06/07/12, ,-15.0, -0.21248684138017931, -0.6531701370330381
08/22/12, ,-21.0, -0.45677840086649074, -0.7817326965997937
05/18/12, ,-9.0, -0.08492542279685494, -0.10614354696181427
02/28/13, ,-77.0, -0.5392278666000333, -0.9499129474677545
08/23/12, ,-22.0, -0.46310370207130985, -0.7881821032272753
03/14/13, ,-80.0, -0.22487741518676102, -0.6391032110330892
10/08/12, ,-35.0, -0.3698384356637259, -0.6944107527757373
12/14/12, ,-66.0, -0.35217617197564416, -0.7109247579348813
03/15/13, ,-81.0, -0.23453218405744558, -0.6506913924344462
06/19/12, ,-14.0, -0.48748667208228424, -0.9284730792456386
02/11/13, ,-74.0, -0.4430505652817302, -0.8222705354856695
02/15/13, ,-77.0, -0.49640571937040867, -0.8850992540137812
12/28/12, ,-71.0, -0.5981278084441433, -0.9772313578868549
09/06/12, ,-31.0, -0.5053551127687342, -0.8326239631918282
05/04/12, ,-8.0, -0.07345169752445904, -0.09016663403079891
01/29/13, ,-72.0, -0.46195251547794575, -0.8314490202052107
03/20/12, ,0.0, 0.027403589590784747, 0.029042115467707737
06/28/12, ,-10.0, -0.4572076134211556, -0.8878397875376831
10/17/12, ,-46.0, -0.43252722812079847, -0.7824558042481272
03/05/13, ,-79.0, -0.5621491737512616, -0.9734807630540971
03/21/12, ,-3.0, 0.014475886713473812, 0.016100672822287367
03/23/12, ,-5.0, -0.06983508880137758, -0.07060280047969156
09/27/12, ,-30.0, -0.3583258602960635, -0.6841233579342032
07/20/12, ,-13.0, -0.4379529075639536, -0.7933102017517109
09/19/12, ,-32.0, -0.519852971501885, -0.8475027350736339
05/29/12, ,-10.0, -0.05215635278640551, -0.06539571893925597
11/09/12, ,-49.0, -0.38437726610101475, -0.7355450248668018
05/09/12, ,-4.0, -0.05695833211906823, -0.07367004679884738
07/06/12, ,-13.0, -0.4727385503166976, -0.9031277456863824
05/23/12, ,-10.0, -0.06548968611973881, -0.08624870906830012
06/14/12, ,-15.0, -0.5123607853281715, -0.953347192491526
01/11/13, ,-72.0, -0.46705308367140674, -0.8371031409999306
12/19/12, ,-68.0, -0.336269099425711, -0.679042623330929
01/03/13, ,-71.0, -0.5942276524379031, -0.9733312018806147
11/12/12, ,-49.0, -0.37272937387014726, -0.7241750786359974
10/29/12, ,-47.0, -0.38806917422263004, -0.738005871636176
11/08/12, ,-50.0, -0.39016063167161436, -0.7415409868663977
05/31/12, ,-13.0, -0.15419716911293624, -0.5948058911938626
03/07/13, ,-79.0, -0.5582252472523933, -0.9695568365551819
04/03/12, ,-3.0, -0.03523203685852157, -0.03601174150959531
10/04/12, ,-35.0, -0.3699065219689871, -0.6957418754442848
03/22/12, ,-5.0, -0.005052115711540045, -0.003294133343282676
12/13/12, ,-65.0, -0.3451968308254487, -0.703934067840401
11/20/12, ,-56.0, -0.4021770097283818, -0.7621300061211105
03/19/13, ,-77.0, 0.0022636930769849434, -0.32436761194003616
10/31/12, ,-49.0, -0.3942941631065785, -0.7450553358966508
04/02/12, ,-4.0, -0.049668244427776384, -0.05044801527230601
05/11/12, ,-3.0, -0.0363833910157096, -0.05297801050324404
05/15/12, ,-3.0, -0.032789141814431655, -0.04870992568406022
03/26/13, ,-76.0, -0.12003038445538872, -0.5134172330355824
04/30/12, ,-9.0, -0.09505879778139943, -0.11472258897341417
08/14/12, ,-22.0, -0.5425929343317344, -0.8791661137409477
04/26/12, ,-9.0, -0.15418764020653528, -0.17401211511587633
11/29/12, ,-61.0, -0.4045824804922639, -0.766962119765584
05/03/12, ,-7.0, -0.06645306989324415, -0.08295428591250957
01/01/13, ,-72.0, -0.5981278084441433, -0.9772313578868549
03/21/13, ,-76.0, -0.011248465890861481, -0.40463531447105355
12/11/12, ,-64.0, -0.3418340071614073, -0.7050937147409494
05/14/12, ,-4.0, -0.0363833910157096, -0.05297801050324404
04/10/12, ,-4.0, -0.2015455668403969, -0.2033607058604647
10/16/12, ,-45.0, -0.43252722812079847, -0.7824558042481272
08/16/12, ,-21.0, -0.49352230236147415, -0.8199345764906707
09/20/12, ,-32.0, -0.5221311598871532, -0.848184995670132
02/06/13, ,-76.0, -0.46942120349145844, -0.8651653566713782
06/01/12, ,-15.0, -0.16107769539830932, -0.6019125633886305
09/25/12, ,-30.0, -0.4910161349302098, -0.8168123919108432
01/08/13, ,-71.0, -0.52967748838769, -0.9023910681664133
11/30/12, ,-62.0, -0.4045824804922639, -0.766962119765584
10/11/12, ,-41.0, -0.41337590086890785, -0.7501563250767627
08/03/12, ,-16.0, -0.37758381099008226, -0.7141569903992955
03/14/12, ,-1.0, 0.0, 0.0
01/30/13, ,-71.0, -0.4274376961678678, -0.7977249416376532
02/20/13, ,-81.0, -0.5400462020263639, -0.9289060266749027
04/09/12, ,-5.0, -0.21432407273816886, -0.21613921175823667
09/10/12, ,-30.0, -0.5018565704946818, -0.8291244246103779
06/13/12, ,-14.0, -0.21712269009007626, -0.6578059856560426
11/26/12, ,-61.0, -0.4440073159421543, -0.7976670461297225
09/11/12, ,-31.0, -0.522858781253709, -0.8505085448254576
01/31/13, ,-73.0, -0.43783237168505534, -0.8081196606583995
11/15/12, ,-53.0, -0.37901667281724233, -0.7357872164671577
12/20/12, ,-68.0, -0.3136446650365708, -0.6405951217903224
07/03/12, ,-10.0, -0.45766317343227547, -0.8880523688019603
11/14/12, ,-52.0, -0.40232800549523695, -0.75909854918129
12/21/12, ,-68.0, -0.309707657162555, -0.6366581139163066
06/26/12, ,-13.0, -0.4866291171219737, -0.9267701926545385
07/23/12, ,-14.0, -0.4262774671255228, -0.7779948004996166
08/02/12, ,-14.0, -0.36979738162412007, -0.7219434197652577
02/01/13, ,-74.0, -0.4543737250685139, -0.8246898735441455
12/05/12, ,-61.0, -0.3405150994132167, -0.7026458403598671
08/17/12, ,-20.0, -0.47754786146690564, -0.8039601355961021
03/19/12, ,1.0, 0.02790141161940959, 0.029542919849426415
08/08/12, ,-17.0, -0.37758381099008226, -0.7141569903992955
08/21/12, ,-21.0, -0.4385674606741288, -0.7635217564074318
04/13/12, ,-4.0, -0.2514525783532136, -0.2530989080620572
07/27/12, ,-17.0, -0.44963917591906283, -0.8013570965271534
04/05/12, ,-6.0, -0.2031810151653754, -0.20499508310621412
02/12/13, ,-75.0, -0.4501443360642618, -0.8293686767450444
06/12/12, ,-15.0, -0.21909410457997272, -0.6597774002328315
03/13/13, ,-81.0, -0.5582107485200944, -0.9724365443664226
08/29/12, ,-27.0, -0.48129117168159924, -0.8084799826538611
12/07/12, ,-63.0, -0.3395298596959696, -0.7008175512383253
07/31/12, ,-16.0, -0.4340326320228538, -0.786186322179895
10/10/12, ,-38.0, -0.3801827838051487, -0.706178276242729
03/20/13, ,-77.0, -0.017356517037966066, -0.4111642721381738
05/10/12, ,-3.0, -0.04237590037900549, -0.05897051986653993
06/05/12, ,-14.0, -0.15990122481007404, -0.6007360928003953
10/05/12, ,-36.0, -0.37880704552919664, -0.7046788861503283
04/25/12, ,-6.0, -0.1738382952283693, -0.19382624477172128
11/02/12, ,-47.0, -0.3696247868881654, -0.7203671712571852
11/07/12, ,-49.0, -0.38971320437854956, -0.7410935595733329
01/04/13, ,-69.0, -0.5295390334285762, -0.9022526073432366
03/06/13, ,-80.0, -0.5621491737512616, -0.9734807630540971
07/13/12, ,-11.0, -0.3899411925360533, -0.8185532464699573
10/15/12, ,-43.0, -0.4231784528245096, -0.7568738616088775
11/06/12, ,-49.0, -0.3731729832216958, -0.7239153675907156
07/10/12, ,-12.0, -0.4582404090527572, -0.8871813226801121
02/26/13, ,-77.0, -0.5900809657068089, -1.000766046547959
02/21/13, ,-83.0, -0.6189935704474165, -1.0286698321827055
08/20/12, ,-21.0, -0.47754786146690564, -0.8039601355961021
02/07/13, ,-75.0, -0.46891912135078384, -0.8612455477204201
10/26/12, ,-46.0, -0.38806917422263004, -0.738005871636176
05/02/12, ,-8.0, -0.09438281761015126, -0.11404630091501596
05/08/12, ,-6.0, -0.06106513532390655, -0.07778007183024642
11/28/12, ,-60.0, -0.3870386208431411, -0.7494182601164612
08/10/12, ,-19.0, -0.39492485145251, -0.7314980308617233
07/16/12, ,-12.0, -0.40132552769088026, -0.8299375816247843
07/24/12, ,-16.0, -0.4275088257245104, -0.7792267463326009
12/18/12, ,-66.0, -0.3294264796798654, -0.6714324791025266
09/05/12, ,-29.0, -0.5053551127687342, -0.8326239631918282
06/20/12, ,-13.0, -0.4870884243722087, -0.9280286199106399
01/09/13, ,-71.0, -0.48066005887107527, -0.8525859403689565
06/08/12, ,-15.0, -0.22759268814937778, -0.6682759838022365
06/06/12, ,-13.0, -0.14899477788811577, -0.5896780735409745
02/27/13, ,-75.0, -0.5362230589077256, -0.9469081397488758
04/19/12, ,-8.0, -0.29252858681567034, -0.2942039623691373
02/05/13, ,-76.0, -0.4547769508749656, -0.8250930993606219
03/01/13, ,-77.0, -0.5396234175571637, -0.9503266800345889
09/28/12, ,-31.0, -0.3583258602960635, -0.6841233579342032
07/30/12, ,-15.0, -0.42377622176644353, -0.7754941423745341
11/16/12, ,-53.0, -0.37731887994797225, -0.7329663553578423
10/30/12, ,-48.0, -0.38806917422263004, -0.738005871636176
11/01/12, ,-48.0, -0.3812393328193722, -0.7319817171884362
07/02/12, ,-9.0, -0.45464658218039017, -0.8850357717052562
03/08/13, ,-81.0, -0.5674401993095425, -0.9788542667548793
05/24/12, ,-9.0, -0.05215635278640551, -0.06539571893925597
10/18/12, ,-46.0, -0.42844799967222136, -0.7783846992756355
10/09/12, ,-34.0, -0.3548828980727801, -0.6794552151847916
12/27/12, ,-70.0, -0.5960128659154076, -0.9751164153581192
09/21/12, ,-30.0, -0.502510387803773, -0.8283066449002018
02/25/13, ,-77.0, -0.5866297290114686, -0.9962741169254636
10/03/12, ,-33.0, -0.3632354078929364, -0.6890707613682341
06/27/12, ,-11.0, -0.4572076134211556, -0.8878397875376831
05/21/12, ,-10.0, -0.08492542279685494, -0.10614354696181427
03/28/12, ,-2.0, -0.05628135359247717, -0.05704906004027256
11/13/12, ,-49.0, -0.3728179047010091, -0.7294016853210415
04/04/12, ,-5.0, -0.1943118355644885, -0.19521834536580435
09/13/12, ,-30.0, -0.5142349939737951, -0.8418847575455437
10/25/12, ,-46.0, -0.3991337173911128, -0.7490704148046587
08/28/12, ,-24.0, -0.4736596485878474, -0.800848286186875
05/16/12, ,-4.0, -0.027953219059423592, -0.04169155312245796
04/27/12, ,-9.0, -0.10103149402713324, -0.12069528521914798
04/11/12, ,-4.0, -0.2127344982201072, -0.21438079354202114
03/29/12, ,-2.0, -0.041308868202775385, -0.04207765502357676
Fold 3
04/24/12, ,-10.0, 0.2055178702495289, 0.2232066343187327
04/17/12, ,-11.0, 0.12955553785889948, 0.14320064179997125
04/18/12, ,-12.0, 0.12531886875736561, 0.13896193088242437
03/16/12, ,3.0, 0.04491998777907079, 0.04493523477763054
07/26/12, ,-34.0, 0.17868095470126152, 0.2056079665766508
03/22/13, ,-68.0, -0.26508772708721384, -0.12402526313456329
03/18/13, ,-65.0, -0.2295611355973899, -0.1084822042183652
08/15/12, ,-32.0, 0.24584420353408323, 0.28531705914566224
06/11/12, ,-27.0, 0.17075847312845224, 0.19492761208763004
03/15/12, ,1.0, 0.0049199877790707565, 0.004935234777630505
10/02/12, ,-45.0, 0.14724724608792383, 0.18172822171218098
10/19/12, ,-49.0, 0.02351207441085152, 0.06131570222287931
04/20/12, ,-9.0, 0.19483502804129718, 0.2124970241822218
08/30/12, ,-33.0, 0.16662149914953303, 0.2060045117998675
02/22/13, ,-64.0, -0.1045859929064938, 0.020511959041533682
02/13/13, ,-63.0, -0.10302003324436625, 0.009890718154472126
12/12/12, ,-55.0, 0.003371846488244623, 0.05605419073463075
07/12/12, ,-30.0, 0.19029182205672182, 0.2171863269132727
08/31/12, ,-32.0, 0.1880087872077459, 0.22738137704137837
01/10/13, ,-54.0, 0.04537245628060402, 0.10115754587421068
10/23/12, ,-49.0, 0.03311126637655319, 0.07639919789048653
07/25/12, ,-33.0, 0.2056965731056516, 0.23262358498116348
05/17/12, ,-21.0, 0.14193596907391284, 0.15430994259235623
09/26/12, ,-43.0, 0.13855159391401078, 0.17303256953826787
12/03/12, ,-55.0, -0.02942813257779433, 0.022186224820187443
11/21/12, ,-53.0, -0.056982570088849396, 5.34935195447811E-4
08/01/12, ,-28.0, 0.31232226794428714, 0.3393342181126249
03/27/13, ,-70.0, -0.27292427990273, -0.13963908512381204
12/17/12, ,-50.0, 0.059264297788190715, 0.11645213519879528
06/15/12, ,-29.0, 0.1304157669495246, 0.1569315416890989
07/17/12, ,-28.0, 0.244466907518066, 0.2713872959740252
02/08/13, ,-63.0, -0.10626547372243221, 0.03220075543952894
11/27/12, ,-54.0, -0.04940681251309179, 0.008110692773412805
03/12/13, ,-63.0, -0.24941939391146803, -0.13449207214292805
08/13/12, ,-29.0, 0.35191248680106363, 0.39168659564731373
08/24/12, ,-32.0, 0.2000105694991005, 0.2383975165256384
05/30/12, ,-29.0, 0.12915057581929318, 0.1403511377501687
06/07/12, ,-26.0, 0.18075959919137335, 0.20492873815055124
08/22/12, ,-33.0, 0.16694498490848514, 0.20540421143697596
05/18/12, ,-22.0, 0.13612997546304112, 0.1480502865332812
02/04/13, ,-65.0, -0.15319172366348424, -0.024707867356887077
08/23/12, ,-32.0, 0.17758328278082575, 0.21604250930931657
03/26/12, ,-6.0, 0.05554159514129412, 0.05558212975312255
03/14/13, ,-60.0, -0.21928220302039983, -0.10435529335289649
10/08/12, ,-47.0, 0.12273996403976187, 0.1572209388745084
12/14/12, ,-53.0, 0.023620291747263697, 0.07970333629314448
05/01/12, ,-16.0, 0.09812297076329081, 0.11377884390158682
03/15/13, ,-63.0, -0.22700340562503368, -0.11238665043953719
03/04/13, ,-62.0, -0.07788287831356157, 0.039699907018669836
06/19/12, ,-27.0, 0.20659770033894634, 0.23371586066860114
02/11/13, ,-63.0, -0.10848487674901013, 0.00442587464982825
12/28/12, ,-50.0, 0.04164437685083504, 0.09531097893536843
10/24/12, ,-51.0, 0.03220914639459545, 0.07730131787244428
05/04/12, ,-21.0, 0.08445979294165877, 0.10026887294802725
10/12/12, ,-47.0, 0.08992458726526073, 0.12493830023172975
01/29/13, ,-58.0, 0.026538359491403554, 0.0823234340774609
09/24/12, ,-41.0, 0.15123275333430047, 0.18571372895855756
03/20/12, ,-1.0, 0.02620653748667311, 0.0262167125412322
06/28/12, ,-30.0, 0.19468854043099693, 0.22172725673431076
10/17/12, ,-47.0, 0.022150992570317593, 0.05976343908399562
03/05/13, ,-63.0, -0.08995878400648859, 0.027624001325742817
03/21/12, ,-2.0, 0.029312127548784896, 0.029352658549803512
03/23/12, ,-5.0, 0.05554159514129412, 0.05558212975312255
09/27/12, ,-43.0, 0.14724724608792383, 0.18172822171218098
06/21/12, ,-26.0, 0.2237102711920482, 0.25087004800434987
07/20/12, ,-28.0, 0.24719418024533865, 0.2741145687012979
09/19/12, ,-38.0, 0.1904126327804175, 0.22662767327951536
05/29/12, ,-28.0, 0.1572536203157801, 0.16845418224665562
11/09/12, ,-55.0, -0.04921717626146857, 0.0044404540378487935
05/09/12, ,-22.0, 0.08553704873134463, 0.09695972956336751
05/23/12, ,-25.0, 0.16216762522978515, 0.1739874027674442
01/11/13, ,-55.0, 0.04537245628060402, 0.10115754587421068
12/19/12, ,-50.0, 0.05221313962865816, 0.10940107846564692
01/03/13, ,-50.0, 0.04973295383521033, 0.10280541853013875
08/06/12, ,-28.0, 0.31608926862490444, 0.3431007875474807
11/08/12, ,-54.0, -0.04739568263669625, 0.0026189604130764724
05/31/12, ,-28.0, 0.1358204186015705, 0.147020980532446
03/07/13, ,-67.0, -0.2841747533013814, -0.16799215829693245
03/27/12, ,-5.0, 0.06806922962913495, 0.06814295475146304
04/03/12, ,-7.0, 0.05675949599541223, 0.056786367008494903
10/04/12, ,-46.0, 0.1296931878071449, 0.1641741626418914
03/22/12, ,-3.0, 0.056157765132677534, 0.056198299237732355
12/13/12, ,-54.0, 0.003371846488244623, 0.05605419073463075
11/20/12, ,-53.0, -0.07386426100293125, -0.016346755718634046
03/19/13, ,-66.0, -0.23129724670850096, -0.11084694936390703
10/31/12, ,-52.0, 0.04199043301883199, 0.08708110818623117
08/07/12, ,-29.0, 0.31608926862490444, 0.3431007875474807
04/02/12, ,-8.0, 0.03717988182898552, 0.03720675284206819
05/11/12, ,-22.0, 0.09570654025676834, 0.10717152288491547
03/26/13, ,-68.0, -0.25110923246355804, -0.10316206929584015
09/12/12, ,-34.0, 0.20573442939717826, 0.244066034454994
08/14/12, ,-30.0, 0.35191248680106363, 0.39168659564731373
04/26/12, ,-16.0, 0.1463314945863784, 0.16169497045570225
11/29/12, ,-57.0, -0.05363956618520118, -0.002304277309977251
05/03/12, ,-18.0, 0.08907387282698491, 0.10473601996602269
03/21/13, ,-69.0, -0.268565987956779, -0.12755827300714426
05/14/12, ,-22.0, 0.10865993301785341, 0.12103390649843933
10/16/12, ,-48.0, 0.0181381514788249, 0.053151885500762996
08/16/12, ,-34.0, 0.2286497377662427, 0.2681225933778217
04/16/12, ,-10.0, 0.13656956591501174, 0.1502146698560835
06/22/12, ,-29.0, 0.19565905366558814, 0.2228188304778898
09/20/12, ,-39.0, 0.18422615465403658, 0.21870742817780747
02/06/13, ,-63.0, -0.13349426270138393, -0.003385049448933723
06/01/12, ,-27.0, 0.1358204186015705, 0.147020980532446
01/08/13, ,-53.0, 0.04888729147695461, 0.10481666950085095
11/30/12, ,-56.0, -0.045301148450810215, 0.006280142074327092
10/11/12, ,-47.0, 0.08292594983184064, 0.11793966278114712
12/04/12, ,-54.0, -0.01676990472969305, 0.0354497258309662
03/14/12, ,0.0, 0.0033161385408990367, 0.0033313855394587854
01/30/13, ,-59.0, -0.06926741693838882, -0.013639977753416362
02/20/13, ,-63.0, -0.10364839464000405, 0.021532295409140936
05/07/12, ,-20.0, 0.0947008517095806, 0.11050993171594908
04/09/12, ,-9.0, 0.06980620515993256, 0.074455553282405
06/13/12, ,-29.0, 0.1267133418652042, 0.1510655994920897
11/26/12, ,-53.0, -0.04940681251309179, 0.008110692773412805
09/11/12, ,-33.0, 0.20573442939717826, 0.244066034454994
01/31/13, ,-60.0, -0.06671518195328652, -0.010948397659992455
11/15/12, ,-54.0, -0.09754356351886494, -0.04376188008748515
12/20/12, ,-51.0, 0.039659847350117156, 0.09332602467271364
11/14/12, ,-55.0, -0.10613462881096107, -0.05235303958428668
12/21/12, ,-51.0, 0.04174057976792811, 0.0954067570905246
06/26/12, ,-30.0, 0.17710781691647162, 0.2041465322967275
02/01/13, ,-63.0, -0.1309303527474048, 0.002780596370059892
12/05/12, ,-53.0, -0.012335314929249688, 0.039884315631409685
09/07/12, ,-33.0, 0.2115198842941034, 0.2508924773850643
08/17/12, ,-34.0, 0.14703712137993205, 0.18530737281580112
03/19/12, ,0.0, 0.04491998777907079, 0.04493523477763054
08/08/12, ,-30.0, 0.31608926862490444, 0.3431007875474807
08/21/12, ,-32.0, 0.16694498490848514, 0.20540421143697596
04/13/12, ,-13.0, 0.06980620515993256, 0.074455553282405
07/27/12, ,-32.0, 0.2516657611330086, 0.2786054503327802
04/05/12, ,-9.0, 0.05796649659891251, 0.05799336761199518
02/12/13, ,-64.0, -0.11390438698586286, -9.936355870244825E-4
06/12/12, ,-28.0, 0.153722698000684, 0.17787242948733606
03/13/13, ,-64.0, -0.25923589441546996, -0.14433688100173936
08/29/12, ,-31.0, 0.20814067029666214, 0.24759168937372056
12/07/12, ,-54.0, 0.003371846488244623, 0.05605419073463075
07/31/12, ,-30.0, 0.28133662876282284, 0.3083485789311606
10/10/12, ,-45.0, 0.13589195097815662, 0.1714495714895163
03/20/13, ,-67.0, -0.2483138212941364, -0.12788099288005358
05/10/12, ,-21.0, 0.09570654025676834, 0.10717152288491547
06/05/12, ,-26.0, 0.1806132157240943, 0.20316349668957956
04/25/12, ,-13.0, 0.154004002258886, 0.16936747812820985
11/02/12, ,-53.0, 0.008383351584006604, 0.03806316068078572
11/07/12, ,-53.0, -0.06292010520390565, -0.03513858746234952
01/04/13, ,-53.0, 0.04555915835162952, 0.10068360663068911
11/06/12, ,-53.0, -0.05168359715093398, -0.023924400687308736
07/10/12, ,-29.0, 0.19508224121839857, 0.22212146663524412
11/19/12, ,-52.0, -0.06533092766959792, -0.007813422385300705
02/26/13, ,-63.0, -0.08363821995469692, 0.04160666515010705
02/21/13, ,-64.0, -0.10364839464000405, 0.021532295409140936
08/20/12, ,-33.0, 0.1593523923158926, 0.19762835670426002
02/07/13, ,-63.0, -0.09387521508233634, 0.044591014079624805
10/26/12, ,-52.0, 0.027606443025085987, 0.07269711819248517
05/02/12, ,-18.0, 0.08465762422863735, 0.10031337268610667
05/08/12, ,-21.0, 0.08553704873134463, 0.09695972956336751
11/28/12, ,-57.0, -0.05948330498048442, -0.008148016105260489
03/30/12, ,-8.0, 0.027395146016852476, 0.027421993636760268
08/10/12, ,-30.0, 0.33090408343971917, 0.3579156023622954
07/16/12, ,-29.0, 0.21383334984807312, 0.24068929779608988
07/24/12, ,-30.0, 0.22450535053511864, 0.2514323662481668
12/06/12, ,-54.0, 0.02840614004105671, 0.08108848428744284
09/14/12, ,-37.0, 0.1904126327804175, 0.22662767327951536
12/18/12, ,-51.0, 0.05176770533021711, 0.10895554274082167
09/05/12, ,-34.0, 0.1848532176274367, 0.22422580746106918
01/09/13, ,-54.0, 0.04844171282524485, 0.10437022129735803
10/22/12, ,-48.0, 0.03817455751579377, 0.08146764930428849
06/08/12, ,-25.0, 0.1984936861226294, 0.2226628250818073
06/06/12, ,-25.0, 0.18877241970419384, 0.2129451381181304
02/27/13, ,-61.0, -0.07890614594789702, 0.03699595007628127
04/19/12, ,-11.0, 0.14395240913003643, 0.1577614620768477
02/05/13, ,-66.0, -0.16148866689492536, -0.03300481069063988
03/01/13, ,-62.0, -0.11823243666725443, -0.004015342058124651
09/28/12, ,-44.0, 0.14724724608792383, 0.18172822171218098
11/16/12, ,-51.0, -0.0641540614960942, -0.006636556211797002
10/30/12, ,-53.0, 0.027606443025085987, 0.07269711819248517
03/08/13, ,-63.0, -0.26429480329217764, -0.14810666297852731
05/24/12, ,-26.0, 0.16216762522978515, 0.1739874027674442
10/18/12, ,-50.0, 0.018945864365189313, 0.05655813911066293
10/09/12, ,-46.0, 0.13439044947665507, 0.1688714243114016
12/27/12, ,-52.0, 0.03232881506204582, 0.08599499238464135
09/21/12, ,-40.0, 0.18422615465403658, 0.21870742817780747
10/03/12, ,-47.0, 0.12917007576605688, 0.16365105059936283
06/27/12, ,-29.0, 0.20806899991092626, 0.2351077162142401
05/21/12, ,-23.0, 0.13612997546304112, 0.1480502865332812
03/13/12, ,1.0, 0.0033161385408990367, 0.0033313855394587854
03/28/12, ,-7.0, 0.05298571507770761, 0.05305935576199249
11/13/12, ,-55.0, -0.11496699058449932, -0.061221776020734156
04/04/12, ,-9.0, 0.05675949599541223, 0.056786367008494903
10/25/12, ,-51.0, 0.030839419383946295, 0.07593344139100691
05/22/12, ,-23.0, 0.16902471230514626, 0.18094502337538634
08/28/12, ,-33.0, 0.2052593143644587, 0.2436462613909966
05/16/12, ,-21.0, 0.13243800435206748, 0.1448119778326534
04/27/12, ,-15.0, 0.14001093182592175, 0.15562526670416146
04/11/12, ,-11.0, 0.06980620515993256, 0.074455553282405
Fold 4
06/29/12, ,-44.0, -0.16001064940761275, -0.042190672980285504
04/24/12, ,-21.0, -0.17860819951786389, -0.15218843196787743
11/05/12, ,-95.0, -0.5958657635006847, -0.5382895937749567
03/11/13, ,-118.0, -0.9209488000440028, -0.8325944740111009
04/17/12, ,-19.0, -0.22259713773374898, -0.19878750833151634
04/18/12, ,-19.0, -0.21781626123972517, -0.19400663183749253
03/22/13, ,-120.0, -0.8440043059028365, -0.7556678212156456
03/18/13, ,-123.0, -0.9092168737849236, -0.8207634921464434
08/15/12, ,-59.0, -0.177641666445287, -0.046986869858352535
03/15/12, ,-2.0, 0.03408910307872225, 0.03410504699411508
10/02/12, ,-87.0, -0.4538866955885516, -0.3945367010744189
10/19/12, ,-89.0, -0.6073952628121236, -0.5496746488685452
04/20/12, ,-21.0, -0.1913945607325681, -0.1675850140887951
08/30/12, ,-72.0, -0.261713078915357, -0.14183312343298565
02/22/13, ,-115.0, -0.902437941541246, -0.8150081632961759
02/13/13, ,-113.0, -0.5552041757815157, -0.464716717921981
12/12/12, ,-100.0, -0.5490008945379748, -0.46417023033812976
08/31/12, ,-73.0, -0.3283068142330746, -0.2567476743763538
01/10/13, ,-105.0, -0.5276602968584561, -0.43700997425919774
10/23/12, ,-92.0, -0.6260670398401571, -0.5684521172689679
07/25/12, ,-50.0, -0.1058068739277456, 0.013664108014706397
05/17/12, ,-36.0, -0.19023760377900464, -0.05537835933732221
09/26/12, ,-83.0, -0.429983006729519, -0.3707609583345278
11/21/12, ,-100.0, -0.5865629595630781, -0.494050131696917
03/27/13, ,-122.0, -0.9788626088069442, -0.8905216027131263
01/07/13, ,-102.0, -0.44303646363053945, -0.35206281073127443
02/19/13, ,-114.0, -0.5524020606172418, -0.46057080057152755
06/18/12, ,-47.0, -0.20418606942752937, -0.08879786845547057
02/08/13, ,-112.0, -0.5544773984770816, -0.4639513088934311
11/27/12, ,-101.0, -0.5891654319118094, -0.49665260404564826
03/12/13, ,-120.0, -0.9209488000440028, -0.8325944740111009
02/14/13, ,-113.0, -0.543945596492805, -0.45230079582708477
08/13/12, ,-56.0, -0.07165388777730752, 0.05901633496706479
04/12/12, ,-17.0, -0.05681037995397571, -0.033646191085526925
08/24/12, ,-62.0, -0.1746407672147915, -0.03591603773825216
05/30/12, ,-41.0, -0.19890152469389108, -0.07536509492940274
06/07/12, ,-43.0, -0.1632355991650671, -0.039699172755169626
08/22/12, ,-61.0, -0.16998504557793784, -0.031260316085877295
05/18/12, ,-35.0, -0.1429028853488953, -0.0011709189802455722
02/28/13, ,-120.0, -0.9388947657374286, -0.8514650935509228
03/14/13, ,-123.0, -0.9154788063402896, -0.8271214874406422
10/08/12, ,-88.0, -0.4997533207999124, -0.4398459025041527
12/14/12, ,-100.0, -0.5149576727198968, -0.43004027770637254
03/15/13, ,-122.0, -0.9086483689526323, -0.8201949873141522
03/04/13, ,-117.0, -0.876855377009739, -0.7875272623653687
06/19/12, ,-46.0, -0.20418606942752937, -0.08879786845547057
12/28/12, ,-102.0, -0.47513170806828803, -0.3863909641383513
10/24/12, ,-92.0, -0.6118549044118947, -0.551774715689709
09/06/12, ,-74.0, -0.3283068142330746, -0.2567476743763538
05/04/12, ,-26.0, -0.1202374121975023, 0.014548453090584005
03/20/12, ,-4.0, 0.006313289677065015, 0.02715687284684185
05/25/12, ,-39.0, -0.183308304354908, -0.05977187459041961
10/17/12, ,-91.0, -0.47518905604746864, -0.4127539668709188
03/05/13, ,-118.0, -0.8842471404733082, -0.7951065843015501
03/21/12, ,-5.0, 0.01216232820249915, 0.03300784495257373
07/11/12, ,-47.0, -0.14396817785731653, -0.026148204754473513
03/23/12, ,-6.0, -0.005625747585676079, 0.012347390212098406
09/27/12, ,-84.0, -0.429983006729519, -0.3707609583345278
06/21/12, ,-45.0, -0.19180511704657696, -0.0749818843352863
07/20/12, ,-48.0, -0.17676273529439795, -0.05894276229176724
09/19/12, ,-79.0, -0.39036740374230094, -0.3299178759907044
11/09/12, ,-99.0, -0.6237381015300957, -0.5658281213523234
05/09/12, ,-28.0, -0.09326618626909154, 0.04221023469183352
07/06/12, ,-46.0, -0.16112423515371518, -0.04330426093189498
05/23/12, ,-38.0, -0.17232607616902926, -0.047445005389659956
01/11/13, ,-107.0, -0.5329333665383054, -0.4422830439390471
12/19/12, ,-103.0, -0.5161341433081321, -0.4312167482946593
01/03/13, ,-103.0, -0.48712825195931453, -0.3982757900007957
10/29/12, ,-91.0, -0.5932057400792995, -0.5331255513569079
05/31/12, ,-42.0, -0.20665947659458928, -0.08312304683010092
03/07/13, ,-116.0, -0.8891662688497068, -0.8008119428168049
03/27/12, ,-9.0, -0.00979738048198122, 0.008175754943471506
04/03/12, ,-13.0, -0.027630081357415823, -1.191099865274377E-4
10/04/12, ,-87.0, -0.4723560605259398, -0.4124486422301801
03/22/12, ,-6.0, 0.009200827708915798, 0.027219245769159385
12/13/12, ,-100.0, -0.5435843632845895, -0.4586704965328652
11/20/12, ,-100.0, -0.5888329006052583, -0.4963200727390973
03/19/13, ,-122.0, -0.8976370557534926, -0.808951439892418
10/31/12, ,-92.0, -0.5932057400792995, -0.5331255513569079
08/07/12, ,-54.0, -0.07455304851829617, 0.05905100257487056
05/11/12, ,-30.0, -0.11890163412034921, 0.015377912060528262
02/18/13, ,-113.0, -0.5267610349762162, -0.4349297749305019
05/15/12, ,-35.0, -0.14537821253175448, -0.011763810304931345
03/26/13, ,-121.0, -0.842498972443308, -0.7541403756773017
09/12/12, ,-77.0, -0.3477042729162001, -0.27694895800802183
04/30/12, ,-23.0, -0.15596186921567332, -0.13063237536074984
08/14/12, ,-57.0, -0.08933905674946648, 0.04133072135369671
04/26/12, ,-23.0, -0.19170584261550705, -0.16637635034055231
11/29/12, ,-103.0, -0.567730442905399, -0.4749639819112079
05/03/12, ,-23.0, -0.09863817237960988, 0.04024328714048131
03/21/13, ,-124.0, -0.8635302456997053, -0.7751937610125148
05/14/12, ,-34.0, -0.11890163412034921, 0.015377912060528262
04/10/12, ,-16.0, -0.060093573102284685, -0.036929359184946234
10/16/12, ,-90.0, -0.46610846580910315, -0.4036733766325533
08/16/12, ,-61.0, -0.1879882779300259, -0.05733348134309143
06/22/12, ,-44.0, -0.1786037969145638, -0.06046134628729717
09/20/12, ,-82.0, -0.4062218120060594, -0.3457868990407952
02/06/13, ,-113.0, -0.623736560273326, -0.5333032699954625
06/01/12, ,-44.0, -0.208624113136829, -0.08508768673907804
11/30/12, ,-101.0, -0.5569766160309578, -0.46353612314680165
10/11/12, ,-89.0, -0.4640062098484723, -0.40174730063038744
08/03/12, ,-53.0, -0.07455304851829617, 0.05905100257487056
03/14/12, ,0.0, 0.037431382179590876, 0.03761212302766226
01/30/13, ,-108.0, -0.5329333665383054, -0.4422830439390471
02/20/13, ,-115.0, -0.8144811235747821, -0.7270513453320782
12/10/12, ,-99.0, -0.5277619564848774, -0.434256249541386
04/09/12, ,-14.0, -0.004251112665261202, 0.018913101252077253
08/27/12, ,-64.0, -0.23360123030970661, -0.11326902596644332
09/10/12, ,-75.0, -0.3318715792133402, -0.2607258400520411
06/13/12, ,-45.0, -0.17602975052237685, -0.057408656014502325
09/11/12, ,-76.0, -0.33476384240929097, -0.26361822525528233
01/31/13, ,-108.0, -0.5244453028778279, -0.4337398704557244
12/20/12, ,-102.0, -0.5161341433081321, -0.4312167482946593
11/14/12, ,-99.0, -0.6121906733501193, -0.5542806931723471
12/21/12, ,-102.0, -0.49096986753347854, -0.40220308233368096
06/26/12, ,-44.0, -0.1631975376388898, -0.04537756121168318
07/23/12, ,-50.0, -0.10595339970245356, 0.013517582239998426
08/02/12, ,-54.0, -0.08811655036786453, 0.04548750072530219
02/01/13, ,-108.0, -0.5134390135696518, -0.42273358114754833
12/05/12, ,-102.0, -0.5569766160309578, -0.46353612314680165
08/17/12, ,-59.0, -0.19012340644519884, -0.05793920836342172
03/19/12, ,-3.0, 0.026931846378095963, 0.048114055123239755
08/09/12, ,-55.0, -0.07818831056010182, 0.05541574053306491
08/21/12, ,-61.0, -0.19215043347222596, -0.05997144348799683
04/13/12, ,-19.0, -0.21121122324918976, -0.18800747014833055
07/27/12, ,-52.0, -0.1058068739277456, 0.013664108014706397
04/06/12, ,-13.0, -0.004251112665261202, 0.018913101252077253
04/05/12, ,-11.0, 0.017274972789616035, 0.04529959531067034
02/12/13, ,-113.0, -0.5646381380456666, -0.47415068018613193
03/13/13, ,-122.0, -0.9464432154605469, -0.8580888894276449
07/18/12, ,-46.0, -0.16954902925291915, -0.051729056250266976
08/29/12, ,-69.0, -0.25666846804795745, -0.13675581405602238
12/07/12, ,-101.0, -0.5423354131652975, -0.44889492028114136
07/31/12, ,-55.0, -0.11287340271092387, 0.020730636797884675
10/10/12, ,-87.0, -0.4633483151116302, -0.40108940589354536
03/20/13, ,-123.0, -0.8635302456997053, -0.7751937610125148
05/10/12, ,-28.0, -0.1006436606515375, 0.03483275845828726
06/05/12, ,-43.0, -0.18375852173897958, -0.06022209534122863
04/25/12, ,-22.0, -0.17860819951786389, -0.15218843196787743
11/02/12, ,-93.0, -0.5932057400792995, -0.5331255513569079
11/07/12, ,-98.0, -0.6251967767867267, -0.5685735707601992
01/04/13, ,-103.0, -0.4732631638824285, -0.38271332099982647
03/06/13, ,-116.0, -0.8749709619297175, -0.7850735603828832
10/15/12, ,-87.0, -0.44735244813153696, -0.3848886928043145
11/06/12, ,-97.0, -0.6262389074407754, -0.5688527193995493
11/19/12, ,-98.0, -0.5628048682277617, -0.5036737478497312
02/26/13, ,-119.0, -0.9249925155471241, -0.8375627376880916
02/21/13, ,-114.0, -0.8144811235747821, -0.7270513453320782
08/20/12, ,-60.0, -0.19215043347222596, -0.05997144348799683
02/07/13, ,-112.0, -0.5760766552638481, -0.48555253716959634
10/26/12, ,-90.0, -0.5957192878712977, -0.535639099149112
05/02/12, ,-22.0, -0.09207298032678443, 0.019684409326173463
05/08/12, ,-28.0, -0.13088994864532918, 0.003931407550078656
10/01/12, ,-86.0, -0.4514979876623844, -0.39214799286778707
11/28/12, ,-102.0, -0.599879717626095, -0.5073668897599339
03/30/12, ,-12.0, -0.02643008135741578, 0.0010808900134726077
08/10/12, ,-56.0, -0.08273658172445167, 0.047360034063413665
07/19/12, ,-47.0, -0.17676273529439795, -0.05894276229176724
07/24/12, ,-49.0, -0.10092137774453959, 0.0185496041979124
12/06/12, ,-102.0, -0.5437204547165441, -0.4502799618323879
12/18/12, ,-101.0, -0.5149576727198968, -0.43004027770637254
10/22/12, ,-91.0, -0.6097271705591113, -0.5521122479879221
06/08/12, ,-43.0, -0.17207718135241645, -0.053456086844541936
03/25/13, ,-122.0, -0.8441502273970727, -0.7558137542634118
02/27/13, ,-121.0, -0.9423700046601045, -0.8549403324735987
04/19/12, ,-21.0, -0.2404141685757054, -0.21661083853100968
02/05/13, ,-109.0, -0.5171610979368976, -0.42645566551479414
03/01/13, ,-118.0, -0.8956909934480951, -0.8063847963719487
09/28/12, ,-87.0, -0.48009608111009516, -0.4208743941793532
07/30/12, ,-53.0, -0.1058068739277456, 0.013664108014706397
11/16/12, ,-98.0, -0.5898814835559406, -0.5309172066488715
03/08/13, ,-117.0, -0.9136760727712755, -0.8253217467383736
05/24/12, ,-38.0, -0.18265895370555738, -0.059122523941068976
10/18/12, ,-89.0, -0.4695000513664468, -0.40706491752956486
12/27/12, ,-101.0, -0.45803769097427094, -0.3692969470442568
09/21/12, ,-84.0, -0.43802805902235886, -0.3788060106273677
10/03/12, ,-88.0, -0.4795116955885516, -0.4201575201782824
05/21/12, ,-40.0, -0.17839313687682778, -0.053728989425448334
03/13/12, ,1.0, 0.027504911591355596, 0.027681578634717936
11/13/12, ,-100.0, -0.635757552331011, -0.5778475721532388
04/04/12, ,-12.0, -0.01543495940619639, 0.012589663092288914
09/13/12, ,-78.0, -0.35211603762208243, -0.28161558572536
10/25/12, ,-91.0, -0.609148544466022, -0.5490683557438363
12/31/12, ,-102.0, -0.4805406366760471, -0.39168817471752826
05/22/12, ,-39.0, -0.167157181820648, -0.04249303135699375
08/28/12, ,-65.0, -0.24415717682624416, -0.12382497248490142
05/16/12, ,-34.0, -0.14396894706258676, -0.009109702620904311
04/27/12, ,-22.0, -0.15596186921567332, -0.13063237536074984
04/11/12, ,-15.0, -0.028132010537003836, -0.004967796248756456
03/29/12, ,-12.0, -0.014527376540317877, 0.012905751001808163
Fold 5
06/29/12, ,-12.0, 0.15059683716494715, 0.1332278182661148
03/16/12, ,1.0, 0.07519676028939455, 0.07545955313347037
07/26/12, ,-28.0, 0.09861463403069069, 0.07496064944266592
03/22/13, ,-66.0, 1.404272890908759, 1.7561266551343284
03/18/13, ,-68.0, 1.1461684829236911, 1.4899040593956796
08/15/12, ,-34.0, 0.0817244042899993, 0.06543724651514335
03/15/12, ,0.0, 0.07449868001016245, 0.07476147285423827
10/02/12, ,-58.0, 0.5564023913850689, 0.5256386351100376
10/19/12, ,-57.0, 0.7304739174112195, 0.7087494349224646
04/20/12, ,-7.0, 0.1436256425833499, 0.1502798355553542
08/30/12, ,-41.0, 0.6370000302245463, 0.6197051794903343
02/22/13, ,-66.0, 1.1733859585863677, 1.516573268478799
12/12/12, ,-56.0, 0.7596526336435251, 0.7800962105331747
08/31/12, ,-42.0, 0.6359114961171443, 0.6186156303854295
01/10/13, ,-59.0, 1.217163726931346, 1.5518750381059503
10/23/12, ,-58.0, 0.7235225767955292, 0.7017980942868938
07/25/12, ,-26.0, 0.07386950562702582, 0.056501367388995666
05/17/12, ,-11.0, 0.18142305759173558, 0.1866130068412068
09/26/12, ,-53.0, 0.6076054097647052, 0.5794022147869928
11/21/12, ,-54.0, 0.7566814606397074, 0.7743298741257686
08/01/12, ,-28.0, 0.10334993181017343, 0.08109825317874285
03/27/13, ,-68.0, 1.4169786573174536, 1.7688476827271675
06/15/12, ,-12.0, 0.1599263493606323, 0.12416429222872853
02/19/13, ,-65.0, 1.207370479802336, 1.5507217385920065
07/17/12, ,-20.0, 0.17006053948269909, 0.15269158639361602
02/08/13, ,-62.0, 1.243351133252831, 1.5971113175320217
11/27/12, ,-54.0, 0.7675483715066183, 0.7851967849926794
02/14/13, ,-62.0, 1.2651925899516359, 1.6094954971617363
04/12/12, ,-7.0, 0.14275607736595855, 0.14941027033796286
08/24/12, ,-40.0, 0.6039771263600895, 0.5820541789901249
06/07/12, ,-8.0, 0.19917537716828956, 0.16323219480489917
08/22/12, ,-37.0, 0.6081906095061569, 0.586267849531569
02/04/13, ,-65.0, 1.1566968277372571, 1.487918686362365
08/23/12, ,-38.0, 0.6081906095061569, 0.586267849531569
03/14/13, ,-71.0, 1.116766781054631, 1.458664267942158
10/08/12, ,-57.0, 0.5904859734787264, 0.5597240584978547
12/14/12, ,-59.0, 0.7400245141323507, 0.761352604852177
05/01/12, ,-8.0, 0.13254494526653254, 0.13969037559851044
03/15/13, ,-70.0, 1.1247892439507399, 1.466686730838267
03/04/13, ,-70.0, 1.1191905198722383, 1.463340657260273
06/19/12, ,-12.0, 0.15464457947476226, 0.11886839330272106
02/11/13, ,-61.0, 1.2462957740066591, 1.6000559582858498
02/15/13, ,-65.0, 1.2162658651760923, 1.559617123965754
12/28/12, ,-61.0, 0.7263055213303665, 0.7477731157932042
10/24/12, ,-59.0, 0.7034350185131072, 0.6817105360044717
09/06/12, ,-46.0, 0.6191844928214771, 0.6012376997232899
05/04/12, ,-9.0, 0.1503002229751401, 0.15922444876794223
10/12/12, ,-58.0, 0.6948581046745774, 0.6727193782168781
01/29/13, ,-59.0, 1.2175187915261787, 1.5523407733813215
01/28/13, ,-59.0, 1.214481995770538, 1.5492927022730627
06/28/12, ,-10.0, 0.15743307580833468, 0.1223649418648268
05/25/12, ,-15.0, 0.08764477040288626, 0.05136538228148272
10/17/12, ,-57.0, 0.6918427652093158, 0.670000823432118
03/05/13, ,-71.0, 1.095286137402119, 1.4394362581245517
03/21/12, ,-1.0, 0.04683666937458698, 0.047075752855832695
09/27/12, ,-55.0, 0.594049124564193, 0.5658459283056065
12/24/12, ,-63.0, 0.7217497126743302, 0.7432173071371678
06/21/12, ,-13.0, 0.16138845867136112, 0.12561227249931992
07/20/12, ,-26.0, 0.08449323588346813, 0.06694169987468009
09/19/12, ,-49.0, 0.6097324240335451, 0.5976714165246764
11/09/12, ,-57.0, 0.7051002878396275, 0.7224331975317837
07/06/12, ,-15.0, 0.15059683716494715, 0.1332278182661148
05/23/12, ,-13.0, 0.11686781756664755, 0.08149573982824464
06/14/12, ,-11.0, 0.1693302095640704, 0.1333971586641022
01/11/13, ,-60.0, 1.211558155332909, 1.5462130565102303
12/19/12, ,-61.0, 0.7177128586007788, 0.7390483203205851
11/12/12, ,-57.0, 0.7103360046339517, 0.7276689148134313
05/31/12, ,-16.0, 0.090348925299493, 0.054045260401979114
03/07/13, ,-72.0, 1.1562284608635498, 1.497702455059696
10/04/12, ,-56.0, 0.5815970845898376, 0.5508351696089658
03/22/12, ,0.0, 0.14178021879468877, 0.14611142355973653
12/13/12, ,-57.0, 0.744865826665971, 0.766222659484924
11/20/12, ,-54.0, 0.741756087505379, 0.7594045009914402
03/19/13, ,-68.0, 1.1667705279548384, 1.5105061044268127
10/31/12, ,-58.0, 0.7214734339617139, 0.6997490421385707
08/07/12, ,-31.0, 0.07580049033676627, 0.05354881170454884
02/18/13, ,-66.0, 1.2041868527415058, 1.5475381115311764
05/15/12, ,-10.0, 0.185109702296662, 0.19457320770662734
03/26/13, ,-67.0, 1.4058675462063426, 1.7577341673065678
09/12/12, ,-47.0, 0.6188331754427862, 0.6067533179548308
04/30/12, ,-7.0, 0.13254494526653254, 0.13969037559851044
08/14/12, ,-33.0, 0.09020925277484783, 0.07392209499999186
04/26/12, ,-6.0, 0.13430569141579085, 0.1409634073852282
11/29/12, ,-56.0, 0.767931855397823, 0.7855903113529863
05/03/12, ,-9.0, 0.13765232495213278, 0.1448633327219356
03/21/13, ,-65.0, 1.4161558313044356, 1.7680289442388613
12/11/12, ,-55.0, 0.7596526336435251, 0.7800962105331747
04/10/12, ,-6.0, 0.1664625121262111, 0.17083661140109138
10/16/12, ,-58.0, 0.6842592439959524, 0.6621423253527509
08/16/12, ,-35.0, 0.07961291780351279, 0.06332576002865684
06/22/12, ,-11.0, 0.13559014709268236, 0.09804049927845374
09/20/12, ,-50.0, 0.6097324240335451, 0.5976714165246764
02/06/13, ,-66.0, 1.186321306060047, 1.5399346341468017
06/01/12, ,-14.0, 0.14907182520714965, 0.11278154345679775
09/25/12, ,-52.0, 0.6016065118659553, 0.5895513369862229
01/08/13, ,-59.0, 1.2383904202843623, 1.573798802886965
11/30/12, ,-56.0, 0.789177249556975, 0.8088838977782074
10/11/12, ,-55.0, 0.7155651854506664, 0.6934623024568382
12/04/12, ,-57.0, 0.7462321098925214, 0.7659387692422429
03/14/12, ,0.0, 0.07370597291543397, 0.07396876575950972
01/30/13, ,-60.0, 1.1988165014498429, 1.5336384833049856
02/20/13, ,-66.0, 1.199449687723128, 1.5428009465127985
09/10/12, ,-47.0, 0.6224968278450332, 0.6104169703570748
06/13/12, ,-11.0, 0.17531264696797624, 0.13936683342064174
09/11/12, ,-45.0, 0.6296300906098813, 0.6175502331219259
01/31/13, ,-61.0, 1.191307114716426, 1.525045778461345
11/15/12, ,-51.0, 0.7810749008484928, 0.7987234868325248
07/03/12, ,-13.0, 0.15059683716494715, 0.1332278182661148
12/21/12, ,-62.0, 0.7117128586007788, 0.7330326365594474
08/02/12, ,-27.0, 0.11823088419112576, 0.09597920555969518
02/01/13, ,-63.0, 1.1644337716444138, 1.4956928202053776
12/05/12, ,-57.0, 0.7470178321958103, 0.7667244915508848
09/07/12, ,-46.0, 0.6224968278450332, 0.6104169703570748
08/17/12, ,-37.0, 0.6152001268605016, 0.5987114282237731
08/09/12, ,-30.0, 0.0938650064657986, 0.07445485582521733
09/03/12, ,-44.0, 0.6241795174040334, 0.6062327243058466
04/13/12, ,-6.0, 0.1436256425833499, 0.1502798355553542
07/27/12, ,-27.0, 0.10697312021597045, 0.08472146867736687
04/06/12, ,-5.0, 0.1664625121262111, 0.17083661140109138
04/05/12, ,-3.0, 0.17172567002094796, 0.1760997692959724
02/12/13, ,-61.0, 1.2660455896673026, 1.610348750104221
06/12/12, ,-9.0, 0.20734614727375517, 0.17140296491036477
03/13/13, ,-71.0, 1.097269330334961, 1.4390400399772099
07/18/12, ,-23.0, 0.11431616225811866, 0.0967646266728503
08/29/12, ,-42.0, 0.6362903070165974, 0.6189954562823854
12/07/12, ,-57.0, 0.751805644160109, 0.772249220323213
10/10/12, ,-55.0, 0.7096460855680131, 0.6859893155809471
03/20/13, ,-65.0, 1.4106050200320188, 1.7622935571033165
05/10/12, ,-10.0, 0.17045768764464733, 0.1794611886496305
06/05/12, ,-13.0, 0.15498024470493388, 0.11868996295458197
10/05/12, ,-55.0, 0.5904859734787264, 0.5597240584978547
04/25/12, ,-8.0, 0.12553914192804178, 0.1321879360588067
11/02/12, ,-56.0, 0.740279749185244, 0.7185551218173055
11/07/12, ,-58.0, 0.720813973248071, 0.6990656344846067
01/04/13, ,-60.0, 0.7383904202843626, 0.7613812180677979
06/25/12, ,-9.0, 0.15743307580833468, 0.1223649418648268
03/06/13, ,-72.0, 1.078822521992175, 1.4207010393171022
07/13/12, ,-16.0, 0.18265046754025294, 0.16528151445120057
10/15/12, ,-58.0, 0.6813449103408484, 0.6592061664120393
11/06/12, ,-57.0, 0.7288081592945825, 0.7070598205311183
07/10/12, ,-16.0, 0.14288333854235757, 0.12551431964352522
11/19/12, ,-53.0, 0.760038400430549, 0.7776868139166102
02/26/13, ,-68.0, 1.1433493199236386, 1.4865366292531044
02/21/13, ,-67.0, 1.1681933287706223, 1.5113806386630535
02/07/13, ,-63.0, 1.2404846303863282, 1.5942447659907535
10/26/12, ,-59.0, 0.7194603489088706, 0.6977359570857249
05/02/12, ,-9.0, 0.13254494526653254, 0.13969037559851044
05/08/12, ,-8.0, 0.15824198339870071, 0.16716620919150285
10/01/12, ,-57.0, 0.5703826545429636, 0.539621208011733
11/28/12, ,-54.0, 0.7747086448937994, 0.7923671008489627
03/30/12, ,-1.0, 0.1375569566100066, 0.14188816137505436
08/10/12, ,-32.0, 0.09178116789143159, 0.0723501798834081
07/16/12, ,-19.0, 0.18265046754025294, 0.16528151445120057
07/05/12, ,-14.0, 0.15059683716494715, 0.1332278182661148
07/19/12, ,-25.0, 0.08449323588346813, 0.06694169987468009
07/24/12, ,-28.0, 0.05213633352656597, 0.034584797517777925
12/06/12, ,-56.0, 0.7529001851369868, 0.7735286340127029
12/18/12, ,-62.0, 0.7134742084725451, 0.7346217361474062
09/05/12, ,-45.0, 0.6241795174040334, 0.6062327243058466
06/20/12, ,-13.0, 0.15464457947476226, 0.11886839330272106
01/09/13, ,-61.0, 1.2078050477310958, 1.5425163589057
06/08/12, ,-10.0, 0.19042090044723892, 0.15447771808384853
03/25/13, ,-66.0, 1.4058675462063426, 1.7577341673065678
06/06/12, ,-12.0, 0.16394120054022301, 0.12797757835661389
02/27/13, ,-67.0, 1.179602348160685, 1.5225677932540063
02/05/13, ,-66.0, 1.154534665575095, 1.4900808485245272
03/01/13, ,-67.0, 1.1717390766544953, 1.51588921404253
09/28/12, ,-57.0, 0.5739907650119582, 0.5428958450027946
03/12/12, ,1.0, 3.4838003284722626E-4, 3.487116966204181E-4
11/16/12, ,-52.0, 0.7810749008484928, 0.7987234868325248
11/01/12, ,-57.0, 0.7242015747337778, 0.7024771829106345
03/08/13, ,-71.0, 1.0891311282490745, 1.4310494654919501
05/24/12, ,-14.0, 0.08764477040288626, 0.05136538228148272
10/18/12, ,-56.0, 0.7133170546661214, 0.6915724552155516
10/09/12, ,-56.0, 0.7026810954299461, 0.6774076686903046
12/27/12, ,-62.0, 0.7217497126743302, 0.7432173071371678
09/21/12, ,-51.0, 0.6097324240335451, 0.5976714165246764
02/25/13, ,-68.0, 1.1365950985352709, 1.4797824078647366
10/03/12, ,-57.0, 0.5684930714858246, 0.5377293152107934
03/13/12, ,2.0, 0.012573318908152806, 0.01260140416200427
03/28/12, ,-1.0, 0.14178021879468877, 0.14611142355973653
11/13/12, ,-56.0, 0.7142422546339517, 0.7315762963723585
04/04/12, ,-3.0, 0.1375569566100066, 0.14188816137505436
09/13/12, ,-47.0, 0.616345113010644, 0.6042841055017757
10/25/12, ,-59.0, 0.704157251474853, 0.6824328628772647
05/22/12, ,-13.0, 0.1599566216435924, 0.16513849422151025
08/28/12, ,-39.0, 0.6423873111140099, 0.6204675889227191
05/16/12, ,-11.0, 0.1665018456460762, 0.1759652657786257
04/11/12, ,-7.0, 0.1455322795680716, 0.1498163198078347
